Name,Type,Subtype,Redshift,RA,Dec,Tmax,Magmax,Filtmax
SN2016adj,SESNe,SNIb,,201.350458,-43.015972,,,
SN2004dk,SESNe,SNIb,,,,53235.76725795455,15.810636685463397,B
SN2019tsf,SESNe,SNIb,0.03,167.136667,-10.481789,,,
SN2010O,SESNe,SNIb,,,,,,
SN2022crv,SESNe,SNIb,0.008091,148.607958,-25.7031,59654.18783494515,15.447414825803357,o
SN2007C,SESNe,SNIb,,,,54118.3,16.746993252603993,g
SN2021uhk,SESNe,SNIb,0.035,351.556647524,1.14557090358,59437.25407452883,18.807624990241266,g
SN2019yvr,SESNe,SNIb,0.005,191.283897036,-0.459120025663,58854.10919181877,16.06244324876357,g
SN2023dtc,SESNe,SNIb,0.006,128.323125,-22.962519,60036.148287000135,17.515726906789265,g
SN2019dge,SESNe,SNIb,0.0213,264.1947591,50.5478107,58583.72782791658,18.514179045033657,g
SN2019dgz,SESNe,SNIb,0.0364,184.0191724,29.8516983,58591.2680813086,19.200746122468168,g
SN2012au,SESNe,SNIb,0.006,8.690375,-8.386711,,,
SN2009jf,SESNe,SNIb,0.0052,185.728875,15.8236,55121.24505656162,15.0702194298846,V
SN2019oys,SESNe,SNIb,0.016501,106.996917,31.665361,,,
SN2018beh,SESNe,SNIb,0.051,142.8459727,17.8077,58250.910498,17.77129500308288,V
SN2007uy,SESNe,SNIb,0.00758,230.388939897,-13.0893829206,54480.34304307321,15.74591691418898,V
SN2022nyo,SESNe,SNIb,0.026,185.069292,-40.394381,59778.60032984493,16.751652285197263,o
SN2021niq,SESNe,SNIb,0.017578,234.0279695,43.4059958,59368.390577875325,19.35943589030788,g
SN2011am,SESNe,SNIb,0.0023,167.913458,55.674719,55634.93123651515,16.72675731092342,V
SN2021gno,SESNe,SNIb,0.006211,183.042875,13.249181,59305.56318551056,17.49515786162694,g
SN2022hgk,SESNe,SNIb,0.033,212.598667,44.233681,59719.49550269742,18.5037680925394,g
SN2020hvp,SESNe,SNIb,0.005247,245.439125,-2.289269,58976.11913072734,15.616503994803644,g
SN2006dn,SESNe,SNIb,0.053,127.2227503,1.1107514,,,
SN2017bgu,SESNe,SNIb,0.008,253.997852235,42.5600231429,57813.685925949496,15.765782804233334,V
SN2016bau,SESNe,SNIb,0.003856,170.245917,53.173778,57483.97462290909,15.927507846387066,V
SN2010cn,SESNe,SNIb,0.00639,235.488752722,0.710958685627,55330.99892317172,17.455277757462753,V
SN2003gk,SESNe,SNIb,0.02751,137.179047394,44.8127901672,,,
SN2019ehk,SESNe,SNIb,0.0043,185.733958,15.826119,58611.402468750006,16.654091316203587,c
SN2008bo,SESNe,SNIb,,,,54568.60909145959,16.131088887179224,V
SN2022ryd,SESNe,SNIb,0.01,299.656375,2.599931,59824.32349377101,17.921658425751087,c
SN2018alc,SESNe,SNIb,0.0181,218.3332885,41.2672955,58215.13531613846,16.625247642490773,o
SN2022ngb,SESNe,SNIIb,0.009,284.2145,36.618839,59772.29063576007,16.74223392663918,g
SN2019wxt,SESNe,SNIIb,0.036,28.9247527006,31.4179294413,,,
SN2020sbw,SESNe,SNIIb,0.023033,41.5138246463,3.32990662903,59100.63095900752,18.69982321758331,g
SN2009mg,SESNe,SNIIb,0.004,63.023042,-32.862369,55189.40591159596,15.61578639376763,V
SN2021uqw,SESNe,SNIIb,0.028019,328.497611052,6.6975154457,59432.534540149936,17.980358589848503,r
SN2011hs,SESNe,SNIIb,,,,55887.92148458402,15.81004615782506,V
SN2020rsc,SESNe,SNIIb,0.0313,19.9854288,38.1860177,59097.28500388025,20.22179765090346,r
SN2022hnt,SESNe,SNIIb,0.0192,174.24897524285714,55.1639571,59707.184634601246,17.914210235088387,o
SN2021ybc,SESNe,SNIIb,0.02925,37.329277271,-4.68175629635,59474.27072238748,18.55870447663964,g
SN2016gkg,SESNe,SNIIb,0.0049,23.560167,-29.440061,57670.5156305,14.871112708860196,V
SN2021sjt,SESNe,SNIIb,0.00475,309.33000691667,66.106417016667,59409.09402966283,18.256752588049693,c
SN2022eji,SESNe,SNIIb,0.017,122.605083,34.004361,59662.08083669509,17.158556023129616,c
SN2020acat,SESNe,SNIIb,0.0079,177.67177066,-10.2274777238,59205.53091439977,15.280541358093403,g
SN2016bmd,SESNe,SNIIb,0.0142,110.10125,32.850333,57505.34331474242,16.057920247714495,V
SN2006T,SESNe,SNIIb,0.008091,148.607958,-25.7031,53779.835380348944,16.065579237313095,g
SN2019gaf,SESNe,SNIIb,0.006,309.2301634,2.8068387,58646.16218013938,17.16842224053935,o
SN2009gj,SESNe,SNIIb,0.0181,218.3332885,41.2672955,,,
SN2009mk,SESNe,SNIIb,0.005247,245.439125,-2.289269,55191.16218064646,16.39725810424452,V
SN2020xlt,SESNe,SNIIb,0.038,124.29713695,64.5263386,59141.95699048101,19.776045483887373,g
SN2020ikq,SESNe,SNIIb,0.037,204.020901072,28.9833628928,58970.46917415926,18.3122667584888,g
SN2021pb,SESNe,SNIIb,0.03317803,146.195042368,51.6873680481,59231.36138523554,19.273637130157223,g
SN2021bxu,SESNe,SNIIb,0.0178,32.3185608926,-23.4126115112,,,
SN2023aew,SESNe,SNIIb,0.025,265.214042,66.206319,60073.28420139989,16.78146146719838,g
SN2020fqv,SESNe,SNIIb,0.007522,189.138583,11.231631,58956.1254207629,16.48534931336995,g
SN2020jfv,SESNe,SNIIb,0.01709,346.648958,0.612111,,,
SN2011cb,SESNe,SNIIb,0.01,299.656375,2.599931,,,
SN2022qzr,SESNe,SNIIb,0.019,2.47916889539,-5.02113501947,59820.55396799558,17.405167254391127,g
SN2017ati,SESNe,SNIIb,0.016,147.48625,67.183211,,,
SN2023mut,SESNe,SNIIb,0.0022,72.1431153216,0.24675252416,,,
SN2019hte,SESNe,SNIIb,0.08528,218.5566602,21.6016366,58661.27150434895,17.9002763388518,r
SN2019rn,SESNe,SNIIb,0.013,34.4983692878,14.5334508892,58514.14935189998,16.93729521297387,g
SN2016iae,SESNe,SNIc,0.004,63.023042,-32.862369,57711.48282219999,14.842639930159596,o
SN2021do,SESNe,SNIc,0.009346,154.235508012,73.3974807308,59226.70950314237,17.284157343311236,g
SN2012cw,SESNe,SNIc,0.006,128.323125,-22.962519,,,
SN2007D,SESNe,SNIc,,,,,,
SN2015fn,SESNe,SNIc,0.0549,37.58355,37.23519,,,
SN2018lei,SESNe,SNIc,0.006,38.39334,-39.0459,,,
SN2020sgf,SESNe,SNIc,0.02208,50.719833,42.556131,59121.01562908611,18.765425686314515,g
SN2010gx,SESNe,SNIc,0.01709,346.648958,0.612111,55282.18642090909,18.44575779127379,r
SN2021afuq,SESNe,SNIc,0.009,156.967290323,-43.9019903226,,,
SN2021dwg,SESNe,SNIc,0.026,214.566537996,0.888429994766,59290.99578251758,17.556803535764754,o
SN2005ek,SESNe,SNIc,0.006,309.2301634,2.8068387,,,
SN2009mi,SESNe,SNIc,0.08528,218.5566602,21.6016366,,,
SN2019yz,SESNe,SNIc,0.00639,235.488752722,0.710958685627,58516.66797966667,15.745660419175769,o
SN2019cad,SESNe,SNIc,0.02751,137.179047394,44.8127901672,58596.614547733145,17.744435780103288,g
SN2010ah,SESNe,SNIc,0.037,204.020901072,28.9833628928,,,
SN2020lbh,SESNe,SNIc,0.015,205.854210491,35.1841045345,59015.20989543086,18.220089066970395,o
SN2018avk,SESNe,SNIc,0.132,197.865625,65.6381,,,
SN2023dbc,SESNe,SNIc,0.0023,167.913458,55.674719,60030.883232548425,16.55390921206024,o
SN2018kzr,SESNe,SNIc,0.053,127.2227503,1.1107514,,,
SN2005da,SESNe,SNIc,0.03317803,146.195042368,51.6873680481,,,
SN2022epu,SESNe,SNIc,0.031,228.691862,31.223633,59651.39154866982,17.64339057348872,o
SN2020able,SESNe,SNIc,0.024755,141.509425482,24.521685394,59200.529648237374,16.299239957168975,V
SN2011it,SESNe,SNIc,0.0079,177.67177066,-10.2274777238,,,
SN2020adow,SESNe,SNIc,0.0075050001,128.426091347,27.7121003677,59217.38234741634,14.796203785349748,g
SN2021uyc,SESNe,SNIc,0.019046,329.188925824,27.9049307833,59443.801755334265,17.477522855342407,g
SN2009bb,SESNe,SNIc,0.019,2.47916889539,-5.02113501947,54921.15508131313,16.595374445788426,g
SN2021mxx,SESNe,SNIc,0.00965,284.2136326,36.6223349,59363.53253764207,16.473061647931985,g
SN2007bg,SESNe,SNIc,,,,54209.49412948081,18.41559242750109,V
SN2017ein,SESNe,SNIc,0.0027,178.221875,44.123919,57909.069620474365,14.96856979852901,g
SN2023cpt,SESNe,SNIc,0.00758,230.388939897,-13.0893829206,60017.01398157042,15.521077387927445,o
SN2010S,SESNe,SNIc,0.016,147.48625,67.183211,,,
SN2023jac,SESNe,SNIc,0.0495,255.022254818,51.9319765392,60096.651196727886,18.788929848733023,g
SN2008fz,SESNe,SNIc,0.0142,110.10125,32.850333,,,
SN2023cj,SESNe,SNIc,0.00948,211.635625,-5.451731,59956.58876910526,16.44264584446469,o
SN2020oi,SESNe,SNIc,0.0052,185.728875,15.8236,58864.64354497744,14.079801149647682,g
SN2007I,SESNe,SNIc,0.00475,309.33000691667,66.106417016667,,,
SN2022jli,SESNe,SNIc,0.006,8.690375,-8.386711,,,
SN2020scb,SESNe,SNIc,0.017429,4.6067665278,18.5165354063,59097.688131978415,17.379530477961538,g
SN2021ahpl,SLSN-I,SLSN-I,0.051,228.991417,-19.292211,,,
SN2016aj,SLSN-I,SLSN-I,0.485,194.753498607,-26.1279334128,,,
SN2020znr,SLSN-I,SLSN-I,0.1,109.77675,23.885381,,,
SN2019kcy,SLSN-I,SLSN-I,0.4,212.082422879,8.96694850126,,,
SN2017egm,SLSN-I,SLSN-I,0.030721,154.773417,46.453911,,,
SN2022xgc,SLSN-I,SLSN-I,0.31,108.1742088,7.316653,,,
SN2021bnw,SLSN-I,SLSN-I,0.098,163.467375,12.55805,,,
SN2021ek,SLSN-I,SLSN-I,0.193,50.9579738734,-10.0447731875,,,
SN2022lxd,SLSN-I,SLSN-I,0.54,264.1611793,61.55518369999999,,,
SN2019cca,SLSN-I,SLSN-I,0.4103,180.714167,-16.663239,,,
SN2015bn,SLSN-I,SLSN-I,0.11,173.423125,0.725972,,,
SN2022abdu,SLSN-I,SLSN-I,0.13,46.5204390909,-46.7213890909,,,
SN2021kty,SLSN-I,SLSN-I,0.159,214.703190287,15.0141196573,,,
SN2019neq,SLSN-I,SLSN-I,0.1075,268.611401588,47.261284416,,,
SN2019unb,SLSN-I,SLSN-I,0.0635,146.987542,0.82665,,,
SN2018bgv,SLSN-I,SLSN-I,0.08,165.626208,55.598831,,,
SN2019nhs,SLSN-I,SLSN-I,0.19,13.0060546916,7.61661248499,,,
SN2018jfo,SLSN-I,SLSN-I,0.163,170.9109101,25.9977633,,,
SN2021hpx,SLSN-I,SLSN-I,0.213,142.776083,-19.517989,,,
SN2017dwh,SLSN-I,SLSN-I,0.13,218.678864926,31.4879815328,,,
SN2020abjc,SLSN-I,SLSN-I,0.219,142.001139801,14.1212839616,,,
SN2020xga,SLSN-I,SLSN-I,0.44,56.6640226482,-11.2427497073,,,
SN2019gfm,SLSN-I,SLSN-I,0.1816,233.944139266,24.0624798838,,,
SN2017gci,SLSN-I,SLSN-I,0.09,101.687625,-27.24885,,,
SN2019pud,SLSN-I,SLSN-I,0.1136,318.229208,-16.6353,,,
SN2019sgh,SLSN-I,SLSN-I,0.344,18.16425,36.473556,,,
SN2016ard,SLSN-I,SLSN-I,0.2025,212.685659701,-10.1598378169,,,
SN2018fcg,SLSN-I,SLSN-I,0.101,317.40325,33.4832,,,
SN2020rmv,SLSN-I,SLSN-I,0.27,10.0007792481,-14.5903161871,,,
SN2019hcc,SLSN-I,SLSN-I,0.044,315.087208,-21.34335,,,
SN2020aewh,SLSN-I,SLSN-I,0.345,111.617375,12.451444,,,
SN2019stc,SLSN-I,SLSN-I,0.1178,103.5962619,17.4920422,,,
SN2019eot,SLSN-I,SLSN-I,0.3057,270.1247529,50.2953602,,,
SN2020uew,SLSN-I,SLSN-I,0.22367,49.849458,-29.984911,,,
SN2018kyt,SLSN-I,SLSN-I,0.108,186.984333,56.393219,,,
SN2016els,SLSN-I,SLSN-I,0.217,307.558019897,-10.9505021327,,,
SN2019lsq,SLSN-I,SLSN-I,0.14,1.169167,42.869819,,,
SN2018lfd,SLSN-I,SLSN-I,0.27,348.747167,48.757719,,,
SN2019szu,SLSN-I,SLSN-I,0.213,2.55475,-19.69235,,,
SN2020jhm,SLSN-I,SLSN-I,0.06,233.25950536,67.9134729587,,,
SN2018hti,SLSN-I,SLSN-I,0.063,55.224,11.77705,,,
SN2020zbf,SLSN-I,SLSN-I,0.195,29.506964,-41.347732,,,
SN2018ibb,SLSN-I,SLSN-I,0.16,69.737292,-20.66225,,,
SN2021zcl,SLSN-I,SLSN-I,0.117,77.3102410714,-6.05385274835,,,
SN2019sgg,SLSN-I,SLSN-I,0.5726,15.299042,14.0265,,,
SN2022acch,SLSN-I,SLSN-I,0.42,141.007982789,-13.5247208413,,,
SN2020qlb,SLSN-I,SLSN-I,0.159,286.956458,62.963781,,,
SN2021lwz,SLSN-I,SLSN-I,0.065,146.197458,34.712281,,,
SN2020tcw,SLSN-I,SLSN-I,0.0645,232.071167,39.947369,,,
SN2020adkm,SLSN-I,SLSN-I,0.226,51.253352391667,11.939503225,,,
SN2018gft,SLSN-I,SLSN-I,0.23,359.3247537,-15.6314773,,,
SN2019enz,SLSN-I,SLSN-I,0.22,209.275335611,27.993909381,,,
SN2019hge,SLSN-I,SLSN-I,0.0866,336.088375,24.788089,,,
SN2018bym,SLSN-I,SLSN-I,0.267,280.805952473,45.2078367617,,,
SN2019xfs,SLSN-II,SLSN-II,0.116,287.5204368,32.3448405,,,
SN2019cqc,SLSN-II,SLSN-II,0.1173,275.42938491,30.9926367957,,,
SN2020hgr,SLSN-II,SLSN-II,0.1258,214.1104402,70.4135603,,,
SN2020vfu,SLSN-II,SLSN-II,0.1281,109.274333,49.487961,,,
SN2018lnb,SLSN-II,SLSN-II,0.222,159.636458,48.2752905,,,
SN2017bcc,SLSN-II,SLSN-II,0.148,172.97078162,29.9957852105,,,
SN2018atq,SLSN-II,SLSN-II,0.167,176.7670743,19.551192,,,
SN2020nt,SLSN-II,SLSN-II,0.1867,229.053611852,2.32585447335,,,
SN2020yue,SLSN-II,SLSN-II,0.204,165.00137016,21.1127353,,,
SN2019qfb,SLSN-II,SLSN-II,0.1423,311.300125,-12.011081,,,
SN2019avv,SLSN-II,SLSN-II,0.2207,236.1729933,51.1495068,,,
SN2021fmu,SLSN-II,SLSN-II,0.14,157.984333,-15.95545,,,
SN2022cvz,SLSN-II,SLSN-II,0.188,176.487606263,5.86151835837,,,
SN2019uba,SLSN-II,SLSN-II,0.3035,35.8697569,-1.98303275,,,
SN2019zcr,SLSN-II,SLSN-II,0.259,194.678749731,15.2117115053,,,
SN2021aadc,SLSN-II,SLSN-II,0.1953,1.13610719174,19.7614400722,,,
SN2019fdr,SLSN-II,SLSN-II,0.2666,257.278578935,26.8556946632,,,
SN2023gpw,SLSN-II,SLSN-II,0.08,195.577918569,-5.85304096388,,,
SN2018aad,SNII,SNII-pec,0.024,59.506417,-65.506761,,,
SN2021qbc,SNII,SNII-pec,0.046,292.510875,35.046311,,,
SN2019wep,SNII,SNII-pec,0.025,166.15430554,45.97748552,,,
SN2022pgf,SNII,SNII-pec,0.008216,227.924583,59.820081,,,
SN2018bek,SNII,SNII,0.0218,233.006458,68.241919,,,
SN2017hbj,SNII,SNII,0.017,67.782,-63.31975,,,
SN2018yt,SNII,SNII,0.052,134.898292,45.611639,,,
SN2020zoq,SNII,SNII,0.01,159.089958,13.718639,,,
SN2016hgm,SNII,SNII,0.008,20.5492197344,0.95205540894,,,
SN2022fae,SNII,SNII,0.042,152.8652786,-26.5844547,,,
SN2019ejj,SNII,SNII,0.003,121.7865,-28.053239,,,
SN2019rwd,SNII,SNII,0.017,2.69124128146,21.1390918086,,,
SN2020xva,SNII,SNII,0.017,263.035125,53.653989,,,
SN2020sjv,SNII,SNII,0.028,260.7695,55.072489,,,
SN2023bvh,SNII,SNII,0.019,131.5695,27.351289,,,
SN2020lfn,SNII,SNII,0.044,246.737042,20.245889,,,
SN2007ch,SNII,SNII,,,,,,
SN2016enk,SNII,SNII,0.0078,231.62275,41.734461,,,
SN2021afkk,SNII,SNII,0.0138,37.4998676863,28.6341857571,,,
SN2009kr,SNII,SNII,0.036,211.826083,-5.127131,,,
SN2022eyu,SNII,SNII,0.036,173.705651139,11.2534753863,,,
SN2018gn,SNII,SNII,0.0036,26.676875,32.508139,,,
SN2023axu,SNII,SNII,,101.4805,-18.231519,,,
SN2023fax,SNII,SNII,0.045,219.61309326,30.029141288,,,
SN2021nx,SNII,SNII,0.058,39.3051297,-27.5159635,,,
SN2018emt,SNII,SNII,0.024,332.648583,-27.249661,,,
SN2022jox,SNII,SNII,0.0088,149.4355,-28.51585,,,
SN2022mji,SNII,SNII,0.004,145.725292,31.850989,,,
SN2009at,SNII,SNII,0.009,225.114458,-13.5525,,,
SN2018gj,SNII,SNII,0.004556,248.009583,78.211369,,,
SN2018adu,SNII,SNII,0.066,213.40867425,34.9455782314,,,
SN2018dfg,SNII,SNII,0.0095,211.644622222,-5.45048888889,,,
SN2018evk,SNII,SNII,0.03,348.937323333,6.91102666667,,,
SN2020acbm,SNII,SNII,0.021,40.074167,2.427069,,,
SN2020jfo,SNII,SNII,0.00502,185.460333,4.481681,,,
SN2019vxm,SNII,SNII,0.019,299.618917,62.137731,,,
SN2022frq,SNII,SNII,0.022579,201.987,-13.416481,,,
SN2023ijd,SNII,SNII,0.007446,189.135293355,11.222140824,,,
SN2021zj,SNII,SNII,0.046,169.136292,29.09615,,,
SN2022wol,SNII,SNII,0.0177,27.8657618761,36.0643423925,,,
SN2023gfo,SNII,SNII,0.006,197.415292,-7.836611,,,
SN2016iyd,SNII,SNII,0.034,114.29065,-52.31783,,,
SN2022irp,SNII,SNII,0.033047,134.197793,29.9229834,,,
SN2021gmj,SNII,SNII,0.0034,159.696958,53.508419,,,
SN2018jkb,SNII,SNII,0.021,35.290833,-4.073269,,,
SN2021ass,SNII,SNII,0.011791,27.542208,27.645219,,,
SN2022jzc,SNII,SNII,0.0029,181.369458,50.526889,,,
SN2008M,SNII,SNII,0.017,32.8916626,43.9797916,,,
SN2021ont,SNII,SNII,0.02833,246.676982796,39.1452730588,,,
SN2018cug,SNII,SNII,0.05,267.3298968,49.4124315,,,
SN2011hg,SNII,SNII,0.009725,170.877125,63.366511,,,
SN2022aagp,SNII,SNII,0.004908,137.674602984,7.20564145452,,,
SN2016ase,SNII,SNII,0.015,175.644583,-25.912583,,,
SN2023gjg,SNII,SNII,0.0308,136.8248817,37.5035246,,,
SN2020yzo,SNII,SNII,0.0185,100.883958,-72.590369,,,
SN2021ucg,SNII,SNII,0.01718,341.906989287,39.8831991607,,,
SN2019dke,SNII,SNII,0.045,193.409167,-26.292061,,,
SN2020dyu,SNII,SNII,0.05,184.913045505,33.0403874356,,,
SN2020iez,SNII,SNII,0.032668,147.118270731,50.922479425,,,
SN2022sje,SNII,SNII,0.0155,275.522167,66.624489,,,
SN2023bmd,SNII,SNII,0.019603,227.536774304,46.1064565968,,,
SN2020vg,SNII,SNII,0.0087,177.226792,-4.6816,,,
SN2021tcv,SNII,SNII,0.017,32.8916626,43.9797916,,,
SN2020nif,SNII,SNII,0.010374,196.05725,-10.350969,,,
SN2023gss,SNII,SNII,0.020541,211.098087788,-27.149458211,,,
SN2022mxv,SNII,SNII,0.014046,357.771375,20.152481,,,
SN2016iyz,SNII,SNII,0.0104,88.155958,-17.78715,,,
SN2022inn,SNII,SNII,0.010837,170.362792,63.0235,,,
SN2022vpm,SNII,SNII,0.0217,260.637,26.76785,,,
SN2016hzg,SNII,SNII,0.019,16.154667,-2.542319,,,
SN2021aaqn,SNII,SNII,0.028,39.4924339776,-1.83144666583,,,
SN2020qvw,SNII,SNII,0.05,250.983420236,77.8799209835,,,
SN2019edo,SNII,SNII,0.008569,182.964943262,24.1365846266,,,
SN2005cs,SNII,SNII,0.014046,357.771375,20.152481,,,
SN2018cuf,SNII,SNII,0.0108,319.048125,-64.482639,,,
SN2019vsr,SNII,SNII,0.027,30.4905,44.80895,,,
SN2021can,SNII,SNII,0.0207,193.878314526,30.027999767,,,
SN2022yjl,SNII,SNII,0.08,334.492962102,10.9953184408,,,
SN2021agbn,SNII,SNII,0.01474,59.303542,-25.403381,,,
SN2019oxn,SNII,SNII,0.02,267.803284279,51.3825506173,,,
SN2019ust,SNII,SNII,0.022035,13.593417,31.670169,,,
SN2020faa,SNII,SNII,0.04106,221.789456173,72.7365432726,,,
SN2022prv,SNII,SNII,0.015101,235.032292,20.675469,,,
SN2009ay,SNII,SNII,,,,,,
SN2019eoh,SNII,SNII,0.05007,195.955625,38.28915,,,
SN2019nvm,SNII,SNII,0.01815,261.411114384,59.4467399895,,,
SN2010jr,SNII,SNII,0.03,244.371333,14.41795,,,
SN2018cyg,SNII,SNII,0.01127,233.535333,56.696869,,,
SN2018hxf,SNII,SNII,0.0296,65.5748442,-5.4682797,,,
SN2022sio,SNII,SNII,0.026,261.8476473,56.558826800000006,,,
SN2021qvr,SNII,SNII,0.011639,352.111042,22.419969,,,
SN2017ivv,SNII,SNII,0.003,307.207417366,-4.38260923798,,,
SN2022ffg,SNII,SNII,0.012,153.450958,18.127319,,,
SN2018dfy,SNII,SNII,0.013519,325.887208,43.549481,,,
SN2021abze,SNII,SNII,0.0148,10.8843865335,14.3427825741,,,
SN2021qwq,SNII,SNII,0.010971,221.85225,-22.405581,,,
SN2018dfi,SNII,SNII,0.031302,252.708684348,45.3978997826,,,
SN2018dfc,SNII,SNII,0.03651,252.032333,24.304131,,,
SN2018aoq,SNII,SNII,0.003319,182.65925,39.396631,,,
SN2016blz,SNII,SNII,0.011,235.122083,0.910306,,,
SN2016hrv,SNII,SNII,0.0166,128.341833,52.530944,,,
SN2018gk,SNII,SNII,0.026898,248.97525,40.032781,,,
SN2022ibv,SNII,SNII,0.014357,162.267333,-29.374911,,,
SN2021dbg,SNII,SNII,0.02,141.111625,-6.581431,,,
SN2006bp,SNII,SNII,,,,,,
SN2011js,SNII,SNII,0.0542,211.413542,20.641211,,,
SN2021aaev,SNII,SNII,0.156,20.782625,-3.187,,,
SN2008ex,SNII,SNII,0.03347,343.906079101,19.1738675051,,,
SN2017hxz,SNII,SNII,0.08,53.546345,-13.9358171429,,,
SN2018afm,SNII,SNII,0.0163,119.8542156,16.4262712,,,
SN2022wsp,SNII,SNII,0.007318,345.014691598,15.9784993196,,,
SN2016grk,SNII,SNII,0.018,319.922,21.965631,,,
SN2017jmk,SNII,SNII,0.00947,348.688042,4.530731,,,
SN2020ekk,SNII,SNII,0.011,251.188125,22.513261,,,
SN2020mvk,SNII,SNII,0.01503,203.940333,-30.8751,,,
SN2019omp,SNII,SNII,0.045,260.1429702,51.6327797,,,
SN2020amv,SNII,SNII,0.0452,132.419542,30.1874,,,
SN2016gyt,SNII,SNII,0.026,285.13512,54.56936,,,
SN2023esp,SNII,SNII,0.008,101.7243875,15.5984222,,,
SN2019lkw,SNII,SNII,0.07,256.287917,33.44255,,,
SN2021zet,SNII,SNII,0.032,328.055625,-23.376989,,,
SN2016iog,SNII,SNII,0.038,151.077333,43.424569,,,
SN2021njo,SNII,SNII,0.03797,241.779042,47.443639,,,
SN2008ij,SNII,SNII,0.052,134.898292,45.611639,,,
SN2019cmy,SNII,SNII,0.0314,227.2118383,40.7137219,,,
SN2017hky,SNII,SNII,0.009725,170.877125,63.366511,,,
SN2020lrr,SNII,SNII,0.0275,210.277946016,34.5808094366,,,
SN2021gvm,SNII,SNII,0.0246,202.505101233,13.4111881762,,,
SN2020abtf,SNII,SNII,0.014,119.893662503,15.3000191195,,,
SN2021zgm,SNII,SNII,0.013309,278.951445675,22.4625748375,,,
SN2021vaz,SNII,SNII,0.013122,85.507167,69.376869,,,
SN2021ibn,SNII,SNII,0.044,132.558667,37.026969,,,
SN2018ivc,SNII,SNII,0.00379,40.6719841216,-0.00886706747595,,,
SN2020uzq,SNII,SNII,0.0117,353.500792395,-11.7830714212,,,
SN2021cgu,SNII,SNII,0.026,165.765458,5.098169,,,
SN2020aqe,SNII,SNII,0.012255,175.874,-16.7981,,,
SN2012ak,SNII,SNII,0.007318,345.014691598,15.9784993196,,,
SN2022acmt,SNII,SNII,0.045,48.982458,-18.085089,,,
SN2021bug,SNII,SNII,0.005847,188.594868709,2.31728679295,,,
SN2020iak,SNII,SNII,0.061316,199.345375,32.588539,,,
SN2022yqm,SNII,SNII,0.051,10.6920774069,-7.59889247113,,,
SN2021jtt,SNII,SNII,0.023393,145.318548737,35.8840557357,,,
SN2022ncc,SNII,SNII,0.0542,211.413542,20.641211,,,
SN2013ab,SNII,SNII,0.0024,186.550292,58.314119,,,
SN2019xtw,SNII,SNII,0.015964,40.890125,-38.625211,,,
SN2017faf,SNII,SNII,0.0295,263.666619783,26.3061034507,,,
SN2020abdr,SNII,SNII,0.03,55.697875,-12.280111,,,
SN2020yzq,SNII,SNII,0.01482,275.597333,23.475569,,,
SN2019pjs,SNII,SNII,0.007415,271.168083,21.634511,,,
SN2020cxd,SNII,SNII,0.003883,261.621917,71.09405,,,
SN2010F,SNII,SNII,,248.97525,40.032781,,,
SN2020hgw,SNII,SNII,0.043,214.579719788,38.9295566266,,,
SN2020nvw,SNII,SNII,0.03,228.58186838,39.930978633,,,
SN2013ej,SNII,SNII,0.01815,261.411114384,59.4467399895,,,
SN2019tua,SNII,SNII,0.010424,329.501167,24.265861,,,
SN2018hna,SNII,SNII,0.0024,186.550292,58.314119,,,
SN2020pni,SNII,SNII,0.01687,225.958167,42.114031,,,
SN2019xdf,SNII,SNII,0.013012,141.966071314,68.411859552,,,
SN2019tjt,SNII,SNII,0.0476,4.26530465231,31.5725286874,,,
SN2019ovr,SNII,SNII,0.013059,112.209417,35.547531,,,
SN2017eaw,SNII,SNII,0.00013,308.684333,60.193289,,,
SN2020uim,SNII,SNII,0.018489,28.1887587774,36.6231557934,,,
SN2022hql,SNII,SNII,0.023,207.02587985,12.07496255,,,
SN2018hmx,SNII,SNII,0.038,128.413917,55.598081,,,
SN2023ftg,SNII,SNII,0.02,272.047847778,11.7194111111,,,
SN2019bmj,SNII,SNII,0.05,220.291684191,39.0724038966,,,
SN2018fif,SNII,SNII,0.017189,2.360625,47.354069,,,
SN2019wzx,SNII,SNII,0.0275,37.7823461268,4.3113182481,,,
SN2009aj,SNII,SNII,,,,,,
SN2010gs,SNII,SNII,0.051,10.6920774069,-7.59889247113,,,
SN2021yky,SNII,SNII,0.076,16.959267072222,27.314798955556,,,
SN2023ixf,SNII,SNII,0.0008,210.910674637,54.3116510708,,,
SN2016cqj,SNII,SNII,0.022,359.057233,-0.541233,,,
SN2007od,SNII,SNII,0.023393,145.318548737,35.8840557357,,,
SN2022acko,SNII,SNII,0.005264,49.912458,-19.395189,59935.13341291267,16.066984138428268,r
SN2021mnj,SNII,SNII,0.01521,221.335792,38.738489,,,
SN2019enr,SNII,SNII,0.00818,143.69870953333,10.286953,,,
SN2023aub,SNII,SNII,0.012185,199.629708,-31.630439,,,
SN2021tyw,SNII,SNII,0.013,346.48525,14.3577,,,
SN2018zd,SNII,SNII,0.002979,94.513292,78.366989,,,
SN2021rhk,SNII,SNII,0.022596,210.76,8.765669,,,
SN2020xua,SNII,SNII,0.022,342.842417,32.351311,,,
SN2020qmp,SNII,SNII,0.003,182.185167,36.8048,,,
SN2006bc,SNII,SNII,0.03,348.937323333,6.91102666667,,,
SN2019gmh,SNII,SNII,0.030666,247.763208,41.153981,,,
SN2021mwj,SNII,SNII,0.007575,144.17412375,-21.14641625,,,
SN2021aczp,SNII,SNII,0.048,144.171518,-21.10705,,,
SN2020nyb,SNII,SNII,0.015527,29.783917,86.676211,,,
SN2018acj,SNII,SNII,0.0078,207.16971132,43.418373192,,,
SN2022ovb,SNII,SNII,0.0183,335.623125,36.004961,,,
SN2020mst,SNII,SNII,0.059,281.793922175,60.496785,,,
SN2021msa,SNII,SNII,0.010945,155.731667,65.200869,,,
SN2019hsw,SNII,SNII,0.0055,140.140655455,64.0730454545,,,
SN2016gdw,SNII,SNII,0.065,336.771335,23.279324,,,
SN2008in,SNII,SNII,,,,,,
SN2020pqv,SNII,SNII,0.0338,220.498167,8.462719,,,
SN2021uoy,SNII,SNII,0.03347,343.906079101,19.1738675051,,,
SN2022jux,SNII,SNII,0.026358,121.842737425,40.3929995709,,,
SN2017jbj,SNII,SNII,0.013492,12.022583,-2.789556,,,
SN2022sat,SNII,SNII,0.017,30.52,-28.591381,,,
SN2020dya,SNII,SNII,0.030074,216.905403825,69.68641165,,,
SN2021apg,SNII,SNII,0.026898,205.330225697,24.495536877,,,
SN2019jyw,SNII,SNII,0.011638,16.6259267382,-2.19878564617,,,
SN2019dzk,SNII,SNII,0.024,258.3414541,-9.9644663,,,
SN2021nyu,SNII,SNII,0.035955,242.770814135,18.4995393404,,,
SN2009hd,SNII,SNII,0.015964,40.890125,-38.625211,,,
SN2021mqh,SNII,SNII,0.0233,174.960292,-7.607389,,,
SN2009dd,SNII,SNII,0.01368,55.5544902,-27.8712392,,,
SN2021wvd,SNII,SNII,0.045,227.645763846,13.4585363173,,,
SN2016gfy,SNII,SNII,0.008,111.691375,85.764211,,,
SN2020abue,SNII,SNII,0.028034,121.084667,56.302081,,,
SN2023hcp,SNII,SNII,0.031,252.178012071,35.9492869071,,,
SN2021arg,SNII,SNII,0.031,67.8282637616,-10.3963852432,,,
SN2020abjq,SNII,SNII,0.018433,16.560958,3.573911,,,
SN2007aa,SNII,SNII,0.034,114.29065,-52.31783,,,
SN2019qch,SNII,SNII,0.024,277.307542,41.042319,,,
SN2021qvw,SNII,SNII,0.025364,349.159524396,15.8944460789,,,
SN2006at,SNII,SNII,0.024,277.307542,41.042319,,,
SN2009bw,SNII,SNII,0.012,153.450958,18.127319,,,
SN2016ezh,SNII,SNII,0.08,29.5197461458,-0.872704525881,,,
SN2021ok,SNII,SNII,0.032668,82.8813425005,-20.5206972483,,,
SN2020xhs,SNII,SNII,0.024377,30.742833,45.020281,,,
SN2013df,SNII,SNII,,,,,,
SN2022dml,SNII,SNII,0.03,244.371333,14.41795,,,
SN2020mjm,SNII,SNII,0.005134,217.372208,-0.0216,,,
SN2018kpo,SNII,SNII,0.01749,55.179458,-6.423319,,,
SN2018zf,SNII,SNII,0.01905,291.831463,65.565086,,,
SN2021adlw,SNII,SNII,0.004897,175.324257734,36.5429352609,,,
SN2023enr,SNII,SNII,0.009073,82.91646,-10.3930076923,,,
SN2023cr,SNII,SNII,0.01368,55.5544902,-27.8712392,,,
SN2020llx,SNII,SNII,0.009947,328.05849,-55.56227,,,
SN2023bvj,SNII,SNII,0.00512,147.7335,33.553039,,,
SN2021aai,SNII,SNII,0.007412,108.611917,84.380961,,,
SN2020znl,SNII,SNII,0.043,93.3245777913,-15.8920687024,,,
SN2021skn,SNII,SNII,0.02974,246.204209642,39.734654696,,,
SN2019odf,SNII,SNII,0.032019,342.186208,27.57185,,,
SN2021enz,SNII,SNII,0.024,181.77175,42.988411,,,
SN2020aasd,SNII,SNII,0.025,140.812574654,33.5669170808,,,
SN2020aze,SNII,SNII,0.009,159.313625,-41.6247,,,
SN2020ufx,SNII,SNII,0.05,322.652677785,24.6737180885,,,
SN2021aek,SNII,SNII,0.022,179.950083,-21.386969,,,
SN2017faa,SNII,SNII,0.018,199.76625,-2.51275,,,
SN2020sic,SNII,SNII,0.03324,236.937958,28.640339,,,
SN2017cjb,SNII,SNII,0.0094,193.460208,9.704917,,,
SN2010kd,SNII,SNII,0.018433,16.560958,3.573911,,,
SN2018bsz,SNII,SNII,0.027,242.412965541,-32.0626763514,,,
SN2007ct,SNII,SNII,0.058,39.3051297,-27.5159635,,,
SN2013fs,SNII,SNIIP,,,,56577.1829860101,16.03426746504647,g
SN2009lq,SNII,SNIIP,0.05007,195.955625,38.28915,,,
SN2022fuc,SNII,SNIIP,0.0091,188.642625,63.518461,59679.81597269873,16.834384987196263,g
SN2009N,SNII,SNIIP,,,,54859.355022222226,16.292213929759928,V
SN2011hj,SNII,SNIIP,,26.676875,32.508139,55874.943520570705,17.813027993424093,V
SN2020dpw,SNII,SNIIP,0.0048,309.293958,66.102961,58941.58536428496,17.02721453464764,g
SN2004dj,SNII,SNIIP,0.014357,162.267333,-29.374911,53221.14305,11.88380224285772,V
SN2021yyg,SNII,SNIIP,0.011625,79.087625,-13.477769,59479.68591590202,17.66497855733498,g
SN2010hq,SNII,SNIIP,0.014,119.893662503,15.3000191195,,,
SN2020aavm,SNII,SNIIP,0.045,116.681996277,18.1135581132,59180.87778823693,19.24188506795981,g
SN2022ewj,SNII,SNIIP,0.010134,161.644232602,13.7547309665,59671.40184029983,16.32806357338849,g
SN2010bj,SNII,SNIIP,,,,,,
SN2011dh,SNII,SNIIP,0.035955,242.770814135,18.4995393404,55733.29089343434,12.565281276102178,V
SN2016X,SNII,SNIIP,0.0044,193.81504,0.09982,57416.64440479798,14.071427009246108,g
SN2016L,SNII,SNIIP,0.009,225.114458,-13.5525,,,
SN2017ivu,SNII,SNIIP,0.0065,234.136292,16.605581,,,
SN2020esm,SNII,SNIIP,0.036,211.826083,-5.127131,58944.03735535269,16.15593241566868,g
SN1987A,SNII,SNIIP,0.024,258.3414541,-9.9644663,,,
SN2016B,SNII,SNIIP,0.004293,178.76769,1.71855,57393.873530489895,14.873241160926666,V
SN2009ll,SNII,SNIIP,0.011638,16.6259267382,-2.19878564617,,,
SN2009lm,SNII,SNIIP,0.0078,231.62275,41.734461,,,
SN2018imf,SNII,SNIIP,0.0036,190.672458,13.265231,58442.5070369998,17.137944288483123,g
SN2020uem,SNII,SNIIP,0.041,126.099375,-3.488639,59127.99069156253,16.843354209234768,g
SN2018cxn,SNII,SNIIP,0.0401,237.0269066,55.7148077,58299.60509060598,18.94367553344598,g
SN2021yja,SNII,SNIIP,0.0053,51.08825,-21.565611,59475.27029231548,14.376937376715402,g
SN2011gv,SNII,SNIIP,0.018489,28.1887587774,36.6231557934,55858.25254591414,15.6139876220763,V
SN2020sje,SNII,SNIIP,0.03,19.3415,44.194869,59098.76835922658,18.864277309393767,g
SN2011cj,SNII,SNIIP,0.021,40.074167,2.427069,55696.93125141414,16.154852919179977,B
SN2011ja,SNII,SNIIP,0.003,121.7865,-28.053239,,,
SN2019rz,SNIIn,SNIIn,0.018853,102.6075719,43.0532158,58506.43326446233,16.85346190939759,g
SN2011hw,SNIIn,SNIIn,0.02402,183.35615716667,37.699387633333,55889.11755758586,16.84343541365715,V
SN2014ee,SNIIn,SNIIn,,,,,,
SN2020pvb,SNIIn,SNIIn,0.020254,313.470966878,-25.4739146744,59155.40519756732,16.98648186920476,g
SN2012ca,SNIIn,SNIIn,,,,,,
SN2018bwr,SNIIn,SNIIn,0.046,232.109042,8.80615,58291.41667516424,16.555438633719096,o
SN2005kd,SNIIn,SNIIn,0.008463,220.04175,42.777619,53695.6534248011,15.008117917131436,V
SN2008cg,SNIIn,SNIIn,0.074,349.068683,48.428444,,,
SN2020nub,SNIIn,SNIIn,0.017,30.98375,-23.31395,59037.820870052,16.002835388320108,o
SN2021kgj,SNIIn,SNIIn,0.014347,183.531427498,-12.5879993964,59331.53260262126,16.5381897161901,o
SN2019mtk,SNIIn,SNIIn,0.084,13.743917,44.09015,58868.406290889085,19.161708397760083,g
SN2021uds,SNIIn,SNIIn,0.013,2.68381,-63.10095,,,
SN2023iex,SNIIn,SNIIn,0.029,324.983624767,24.6596274184,60111.39025916335,18.433597221259426,g
SN2009au,SNIIn,SNIIn,0.01458,304.9883221,15.3774181,54909.783896984845,17.03948601083458,V
SN2020cui,SNIIn,SNIIn,0.025,170.581875,-7.579761,58928.887664999995,15.9534601229344,V
SN2015J,SNIIn,SNIIn,,,,57203.142835979794,16.954374670035907,V
SN2019smj,SNIIn,SNIIn,0.06,117.419667,5.074211,58783.04236599869,17.41110442370628,g
SN2021qqp,SNIIn,SNIIn,0.041,338.168398466,25.5763206415,59445.43913925699,17.474488856192096,g
SN2010jp,SNIIn,SNIIn,0.063,60.557333,-28.391589,,,
SN2019qem,SNIIn,SNIIn,0.042,90.937542,-64.37665,,,
SN2017hcc,SNIIn,SNIIn,0.0173,0.960792,-11.474611,58077.28211431818,13.682852751459604,V
SN2018kag,SNIIn,SNIIn,0.02736,133.9519813,3.6415297,58483.004255312895,17.108238270407323,o
SN2020ywx,SNIIn,SNIIn,0.0217,178.359292,10.896469,59167.56748021589,16.991218199850913,g
SN2007pk,SNIIn,SNIIn,,,,54424.20610177762,16.019676075086913,V
SN2019cac,SNIIn,SNIIn,0.0467,207.682920387,-2.50694752737,58555.273586546136,19.015392922705473,g
SN2020qpo,SNIIn,SNIIn,0.053,259.172318578,57.9034331589,59083.30135960608,18.152506333295495,g
SN2013cj,SNIIn,SNIIn,0.0659,256.22063,12.91956,,,
SN2005ip,SNIIn,SNIIn,0.018853,102.6075719,43.0532158,53683.36,15.37662708753983,g
SN2022prr,SNIIn,SNIIn,0.01516,285.4245723,40.7510186,59805.82077528167,16.433334514854245,g
SN2020jhs,SNIIn,SNIIn,0.065,142.058708,25.670369,59115.34327882178,17.732536431335973,r
SN2021ydc,SNIIn,SNIIn,0.055,21.32348166666667,22.390363,59844.90950933919,17.86773390042661,o
SN2020noz,SNIIn,SNIIn,0.025,187.251042,7.849561,,,
SN2016aiy,SNIIn,SNIIn,0.01,197.105833,-41.980639,,,
SN2013L,SNIIn,SNIIn,0.01713,353.146479146,-0.736291660989,,,
SN2019fmb,SNIIn,SNIIn,0.016,186.681917956,56.0757942101,58779.51527780015,17.207538878690205,g
SN2010jl,SNIIn,SNIIn,0.018,332.907167,46.311119,55509.369918181816,14.096265183495126,B
SN2021adou,SNIIn,SNIIn,0.039,14.463769406,9.63131134786,59531.71073212546,19.422959376672225,g
SN2019qt,SNIIn,SNIIn,0.035,224.794375,43.819911,58538.452300442936,16.66117000721395,g
SN2021kwc,SNIIn,SNIIn,0.021759,203.94965665,2.999819985,59346.845827339166,17.452114525235082,g
SN2020acct,SNIIn,SNIIn,0.035,146.233561417,31.0960365255,59197.406193110066,18.021808034110897,g
SN2020tlf,SNIIn,SNIIn,0.008463,220.04175,42.777619,59184.53138889978,16.286951910889663,g
SN2020dcs,SNIIn,SNIIn,0.02402,183.35615716667,37.699387633333,58914.880787713555,17.025444230696444,r
SN2021foa,SNIIn,SNIIn,0.008386,199.301474895,-17.257157518,59303.5665283526,15.178522197892104,o
SN2011iw,SNIIn,SNIIn,0.005891,118.753958,-76.411961,,,
SN2019pgu,SNIIn,SNIIn,0.1055,244.6784953,67.9001099,58741.78772333226,18.615817837425137,g
SN2023jgf,SNIIn,SNIIn,0.01713,353.146479146,-0.736291660989,60136.95104279798,17.651688252769627,V
SN2021jbi,SNIIn,SNIIn,0.14,199.66262375,-41.2533525,59343.284253208745,18.672369259194053,o
SN2019dnz,SNIIn,SNIIn,0.025,297.1311535,2.9137498,,,
SN2020dtd,SNIIn,SNIIn,0.06954,212.680875,58.83085,58936.92547149195,18.474569234862937,r
SN2015Z,SNIIn,SNIIn,0.053,259.172318578,57.9034331589,,,
SN2021acya,SNIIn,SNIIn,0.063,60.557333,-28.391589,59605.26776909,16.80180051122467,c
SN2017gir,SNIIn,SNIIn,0.164,24.936917,-23.254769,58020.00996248875,17.931050168265905,o
SN2022mma,SNIIn,SNIIn,0.038,219.756208,15.986581,59773.263109049454,15.616180595061492,g
SN2017gas,SNIIn,SNIIn,0.01,304.297333,58.20225,,,
SN2019njv,SNIIn,SNIIn,0.01458,304.9883221,15.3774181,58715.65538041146,18.126266192057955,g
SN2006jd,SNIIn,SNIIn,0.084,13.743917,44.09015,54041.02791262626,18.036761451617775,g
SN2018gwa,SNIIn,SNIIn,0.0659,110.06975,41.346631,58397.502855745945,18.836067934039015,r
SN2021ukt,SNIIn,SNIIn,0.012886,12.353583,-1.766339,59428.709149914175,16.130891616785664,g
SN2007bb,SNIIn,SNIIn,0.042,90.937542,-64.37665,,,
SN2019dde,SNIIn,SNIIn,0.057,217.050167581,-1.60416405323,58599.191639726705,17.427885340264474,g
SN2017dwq,SNIIn,SNIIn,0.018,135.885379048,-21.3341652381,57895.304409508,16.634079585068584,c
SN2019ctt,SNIIn,SNIIn,0.046,150.1761872,12.0398166,58588.269017915896,18.913138835360396,g
SN2009ip,SNIIn,SNIIn,0.021759,203.94965665,2.999819985,56210.48354242016,13.860709534121613,V
SN2019esa,SNIIn,SNIIn,0.005891,118.753958,-76.411961,,,
SN2019dzw,SNIIn,SNIIn,0.028,262.7914871,-8.4507217,,,
SN2018fdt,SNIIn,SNIIn,0.055,256.1847282,38.2355488,58362.65850835651,18.362233254831388,g
SN2019wrt,SNIIn,SNIIn,0.057273,79.1999778527,-7.47862865916,58852.12894385005,19.030891245471913,g
SN2022hsu,SNIIn,SNIIn,0.018,332.907167,46.311119,59714.07087038418,16.51869417028369,r
SN2008S,SNIIn,SNIIn,,,,54505.44810744444,16.878578315292035,V
SN2019aafe,SNIIn,SNIIn,0.074,349.068683,48.428444,58750.75324889058,19.360785476126832,g
SN2013dn,SNIIn,SNIIn,0.041,338.168398466,25.5763206415,,,
SN2019uit,SNIIn,SNIIn,0.071,192.567042,21.337611,58820.67401542025,18.61135262906744,o
SN2019kbj,FBOT,SNIbn,0.048,332.841376171,19.6176320655,58670.03723347474,17.323763279901335,V
SN2020mso,FBOT,SNIbn,0.1,271.55974855833,50.726268233333,59034.8804037715,19.07844290049936,g
SN2020nxt,FBOT,SNIbn,0.049,339.400980463,35.0021327976,59038.80818706093,15.947751003988088,o
SN2021jpk,FBOT,SNIbn,0.038,219.750113048,12.6694536941,59322.08154622587,18.55430775388289,g
SN2020big,FBOT,SNIbn,0.0245,75.3159253937,-14.0244671901,58878.4146612268,17.979350875835134,o
SN2021zfx,FBOT,SNIbn,0.069,317.348927591,9.76088904595,59480.3143413087,18.54943145165685,o
SN2022eux,FBOT,SNIbn,0.025237,88.880125,-15.676181,59658.0973400101,16.886711573603097,V
SN2015G,FBOT,SNIbn,,339.400980463,35.0021327976,,,
SN2022ablq,FBOT,SNIbn,0.014,183.276994167,17.0989516667,59919.3368,16.0254311634156,V
SN2020bqj,FBOT,SNIbn,0.068,233.41867324,34.47894556,58891.79380293602,17.99635683184602,g
SN2018jbs,FBOT,SNIbn,0.059,208.915417,58.043181,58449.06047133952,17.142141706943512,r
SN2022pff,FBOT,SNIbn,0.091,227.9917378,32.8415771,59763.44852602288,19.14360427245964,g
SN2023iuc,FBOT,SNIbn,0.0768,219.731845132,2.28726427597,60085.60883887215,17.779599535458257,g
SN2022pda,FBOT,SNIbn,0.062,331.057896953,-18.8279057555,59862.35281430666,17.512696384210212,r
SN2019aajs,FBOT,SNIbn,0.0358,242.764814,74.361483,58541.35595894061,17.301117960598837,g
SN2019qav,FBOT,SNIbn,0.1353,252.053731953,48.080566594,58740.23509619543,19.069419192140924,g
SN2022qhy,FBOT,SNIbn,0.006124,90.287167,-23.666619,59800.139665,16.07475039389229,o
SN2021iyt,FBOT,SNIbn,0.0712,154.685042503,0.055396560455,59316.51585346638,18.659705380295303,g
SN2020cwd,FBOT,SNIbn,0.052,91.74617,-49.00665,,,
SN2019lsm,FBOT,SNIbn,0.04168,218.76063906,14.77690375,58691.300372,18.21986991303493,c
SN2022ihx,FBOT,SNIbn,0.033,289.1600758375,61.68763455,59698.54775516161,17.920994201535358,V
SN2019deh,FBOT,SNIbn,0.05469,211.43156902,9.515768622,58589.10829674244,17.631132558066763,o
SN2016edk,FBOT,SNIbn,0.0744,266.809167,30.224806,,,
SN2023emq,FBOT,SNIcn,0.031,203.591805,-23.7309573,60043.34849663636,17.39812576372094,V
SN2021ckj,FBOT,SNIcn,0.143,136.462846191,-8.58543366557,59257.10862688412,19.16997714523887,g
SN2021csp,FBOT,SNIcn,0.083,216.592143243,5.85921558693,59259.720238040405,17.806024757945114,V
SN2022ann,FBOT,SNIcn,0.049,154.373573982,-2.42651309005,59613.018599310126,19.01610097401077,o
SN2019hgp,FBOT,SNIcn,0.0641,234.053641,39.733489,58647.853791320566,18.651905113644844,g
SN2005gj,Other,SNIa-pec,,,,,,
SN2010ae,Other,SNIa-pec,,,,,,
SN2005hk,Other,SNIa-pec,,,,,,
SN2008ae,Other,SNIa-pec,,,,,,
SN2007bm,Other,SNIa,,,,,,
SN2007ax,Other,SNIa,,,,,,
SN2006X,Other,SNIa,,,,,,
SN2008ha,Other,SNIa,,,,,,
SN2007S,Other,SNIa,,,,,,
SN2009cz,Other,SNIa,,,,,,
SN2007af,Other,SNIa,,,,,,
SN2009dc,Other,SNIa,,,,,,
SN2005ke,Other,SNIa,,,,,,
SN2009Y,Other,SNIa,,,,,,
SN2008hv,Other,SNIa,,,,,,
SN2007on,Other,SNIa,,,,,,
AT2023clx,Other,TDE,,175.0391524,15.3273735,60003.33046,16.344765205768045,V
AT2022arb,Other,TDE,0.062,156.043047049,-0.822997785982,59639.69488009086,19.10858455746656,c
AT2019azh,Other,TDE,0.022,123.320605325,22.648343,58563.70078570729,15.28501104384006,g
AT2021jjm,Other,TDE,0.153,219.877692561,-27.8583862971,59326.866341385736,19.166226361765837,g
AT2022dbl,Other,TDE,0.0284,185.18754,49.5513,,,
AT2022bdw,Other,TDE,0.03782,126.293167,18.582639,59634.68089722577,17.71361403587834,c
AT2022gri,Other,TDE,0.028,109.586575669,33.9948822375,59866.73265021277,17.606409813295542,g
AT2016fnl,Other,TDE,0.016328,7.487676,32.893753,57631.47165151515,17.171285579341347,g
AT2021sdu,Other,TDE,0.059,17.8496829,50.574908,59416.74311440058,18.622960883828288,g
AT2019lwu,Other,TDE,0.117,347.801272734,-1.00297512304,58694.24743628905,18.805425387527137,g
AT2022dsb,Other,TDE,0.023,235.5905942,-22.67056645,59673.25900956586,19.09609989589975,g
AT2021ehb,Other,TDE,0.018,46.9491904666667,40.3112683,59305.84397655555,16.869623337235097,U
AT2019ehz,Other,TDE,0.074,212.4245,55.491139,58617.36234616885,18.09663549671584,g
AT2021nwa,Other,TDE,0.047,238.46366275909,55.58879755,59403.67442390484,18.407466392891365,g
AT2022hvp,Other,TDE,0.12,148.6885,55.440381,59698.46583999304,16.385165002314544,g
AT2022wtn,Other,TDE,0.049,350.849073051,10.6855533611,59885.351775619056,17.966799761171828,g
AT2021yzv,Other,TDE,0.286,105.277487,40.8251838,59499.02345631398,18.980644723932492,g
AT2021mhg,Other,TDE,0.073,4.92875,29.316861,59387.725888616995,18.79729373713974,g
AT2020neh,Other,TDE,0.062,230.333708,14.069589,59032.4768235762,17.78777919871971,g
AT2021gje,Other,TDE,0.358,252.5305484,34.8188397,59308.4009100571,19.51968397733115,g
AT2022upj,Other,TDE,0.054,5.9868579,-14.4231166,59877.03272632324,18.22901339528529,g
AT2022ibq,Other,TDE,0.395,267.64910342,21.274978848,59695.056702798145,18.92534921614315,g
AT2021jsg,Other,TDE,0.126,167.1529779,30.7612734,59256.78555352194,19.497026653659923,g
AT2022rz,Other,TDE,0.107,234.4900417,56.2716408,59606.49216280192,19.17138568854214,o
AT2020wey,Other,TDE,0.02738,136.357833,61.80255,59151.88964333332,17.939894439982016,g
AT2021uqv,Other,TDE,0.106,8.166167,22.5489,59447.29604116502,19.09838879343643,g
AT2018zr,Other,TDE,0.071,119.22723844,34.2621136415,,,
AT2021yte,Other,TDE,0.053,103.7696918,12.6341543,59477.380986472825,18.703489486893297,g
AT2023lli,Other,TDE,0.036,344.414458,40.54445,,,
AT2022adm,Other,TDE,0.061,216.964333,28.174731,,,
AT2019gte,Other,TDE,0.086,196.6642678,-1.5484498,58643.462277710845,18.960686806068978,g
AT2018hyz,Other,TDE,0.04573,151.711964138,1.69279894089,58429.74481481383,16.202360697396667,V
AT2019qiz,Other,TDE,0.0151,71.657833,-10.226361,58764.12355124462,15.796328599204134,g
AT2022czy,Other,TDE,0.109,185.504708,16.995561,59640.302877424074,18.34531686686736,c
AT2018dyb,Other,TDE,0.018,242.74489,-60.9231,,,
AT2020mot,Other,TDE,0.07,7.8065,85.008861,59082.447398,18.190099166154926,B
AT2019bhf,Other,TDE,0.1206,227.3165642,16.2395896,58547.423750662136,18.82272064867768,r
AT2018iih,Other,TDE,0.212,262.016375,30.692061,58434.523344728754,18.464399589630727,c
AT2018bsi,Other,TDE,0.051,123.860919,45.592208,59173.687955170135,19.191108990758657,r
AT2021axu,Other,TDE,0.192,176.651483366,30.0853983487,59251.48064307833,18.63404176694232,g
AT2022exr,Other,TDE,0.096,262.460458,25.8422,59673.30028890733,18.215764054492464,c
AT2020acka,Other,TDE,0.338,238.75806450714,16.304491035714,59216.61204374558,18.152074067958925,g
AT2021blz,Other,TDE,0.045,68.130215,-32.4306575,59251.3296115,17.801789640873224,c
AT2020vwl,Other,TDE,0.0325,232.6575,26.982469,59145.83559109226,17.630575319112346,r
AT2022dyt,Other,TDE,0.072,150.0333685,26.4607142,59666.13749369954,18.837881711882144,c
AT2020nov,Other,TDE,0.084,254.554042,2.117511,59096.72226334565,17.602846665174226,g
AT2022fpx,Other,TDE,0.073,232.765417,53.40535,59804.94000482079,17.773788336071302,g
AT2021uvz,Other,TDE,0.176,263.2104408,33.0328877,59435.86721093409,19.63709198705029,g
AT2020pj,Other,TDE,0.068,232.89566778,33.09485168,58871.7287366475,18.921640333378846,c
AT2019ahk,Other,TDE,0.0262,105.04811,-66.04004,,,
AT2019teq,Other,TDE,0.0878,284.77290726429,47.518239428571,58786.814968481674,19.32074688642892,g
AT2022aee,Other,TDE,0.124,132.1801995,80.883301,59624.29423274479,18.294013958930737,g
AT2019vcb,Other,TDE,0.089,189.734917,33.165911,58834.32142626718,18.76337050011734,r
AT2018hco,Other,TDE,0.09,16.8901468,23.4761884,58424.190305233424,18.380015847767936,r
AT2023cvb,Other,TDE,0.071,288.6069997,41.6692434,60051.725327885455,18.035647768159514,c
AT2022lri,Other,TDE,0.032,35.0333706249,-22.7209499013,,,
AT2020zso,Other,TDE,0.061,335.571375,-7.266411,59190.07239819721,17.68347357660881,g
AT2018lna,Other,TDE,0.091,105.8277036,23.029083,58506.76843452584,18.957865143752137,r
AT2021ack,Other,TDE,0.133,208.2916185,9.7403742,59232.10331324507,19.514690351456945,r
AT2019dsg,Other,TDE,0.0512,314.2623926,14.2044063,58615.684364007,17.89619405230405,o
AT2022gdw,Other,TDE,0.105,208.4925784,50.0417637,59688.12966619512,19.157969132521437,g
AT2023mhs,Other,TDE,0.0482,205.815338,19.2502509,60134.36677213156,15.76481628468446,g
AT2018fyk,Other,TDE,0.06,342.567042,-44.864861,58387.0370575,17.061094465825867,UVM2
